SYMBOL,token,,
AAREYDRUGS,1342721,,
AARNAV,195026177,,
AARON,263681,,
AARTECH,4389121,,
AARTIDRUGS,1147137,,
AARTIIND,1793,,
AARTIPHARM,3550209,,
AARTISURF,4923649,,
AARVI,4882689,,
AAVAS,1378561,,
ABAN,1986305,,
ABB,3329,,
ABBOTINDIA,4583169,,
ABCAPITAL,5533185,,
ABCOTS,194337281,,
ABDL,6222849,,
ABFRL,7707649,,
ABINFRA,6917121,,
ABLBL,193751809,,
ABMINTLLTD,1421057,,
ABREL,160001,,
ABSLAMC,1540609,,
ACC,5633,,
ACCELYA,1805569,,
ACCURACY,375041,,
ACE,3478273,,
ACEINTEG,3015425,,
ACI,3078145,,
ACL,3947521,,
ACMESOLAR,6927617,,
ACUTAAS,1427969,,
ADANIENSOL,2615553,,
ADANIENT,6401,,
ADANIGREEN,912129,,
ADANIPORTS,3861249,,
ADANIPOWER,4451329,,
ADFFOODS,5058817,,
ADL,62721,,
ADOR,8705,,
ADROITINFO,1267969,,
ADSL,3792129,,
ADVAIT,194728193,,
ADVANCE,194406913,,
ADVANIHOTR,3774721,,
ADVENTHTL,194500865,,
ADVENZYMES,4617985,,
AEGISLOG,10241,,
AEGISVOPAK,193878017,,
AEPL,194900481,,
AEQUS,194619905,,
AEROENTER,3075841,,
AEROFLEX,4676609,,
AERONEU,3504385,,
AETHER,2511361,,
AFCONS,6650113,,
AFFLE,2903809,,
AFFORDABLE,6618881,,
AFIL,6184961,,
AFSL,3401729,,
AGARIND,867585,,
AGARWALEYE,7539713,,
AGI,361473,,
AGIIL,6257921,,
AGRITECH,2834433,,
AGROPHOS,2315777,,
AGSTRA,194355713,,
AHCL,194295809,,
AHLADA,513025,,
AHLEAST,4976129,,
AHLUCONT,4565249,,
AHLWEST,4957697,,
AIAENG,3350017,,
AIIL,6029569,,
AIRAN,2533633,,
AIROLAM,1553409,,
AJANTPHARM,2079745,,
AJAXENGG,7583745,,
AJMERA,4430593,,
AJOONI,871169,,
AKASH,3458561,,
AKG,557057,,
AKI,3811841,,
AKSHAR,2446849,,
AKSHARCHEM,5165569,,
AKSHOPTFBR,2199297,,
AKUMS,6327041,,
AKZOINDIA,375553,,
ALANKIT,2539777,,
ALBERTDAVD,4417537,,
ALEMBICLTD,20225,,
ALGOQUANT,194885121,,
ALICON,3495937,,
ALIVUS,1347841,,
ALKALI,4341505,,
ALKEM,2995969,,
ALKYLAMINE,1148673,,
ALLCARGO,3456257,,
ALLDIGI,3020289,,
ALLTIME,194162689,,
ALMONDZ,4280065,,
ALOKINDS,4524801,,
ALPA,3801089,,
ALPHAGEO,3736833,,
AMAGI,194749441,,
AMANTA,194280705,,
AMBER,303361,,
AMBICAAGAR,2942977,,
AMBIKCO,3899905,,
AMBUJACEM,325121,,
AMDIND,3685889,,
AMIRCHAND,194987521,,
AMJLAND,665089,,
AMNPLST,5085953,,
AMRUTANJAN,4492033,,
ANANDRATHI,1829121,,
ANANTRAJ,3486721,,
ANDHRAPAP,42497,,
ANDHRSUGAR,34817,,
ANGELONE,82945,,
ANIKINDS,4264193,,
ANKITMETAL,6624769,,
ANMOL,954113,,
ANSALAPI,5037313,,
ANTELOPUS,3481089,,
ANTGRAPHIC,1329665,,
ANTHEM,194018561,,
ANUHPHR,7248385,,
ANUP,2307585,,
ANURAS,724225,,
APARINDS,2941697,,
APCL,5235969,,
APCOTEXIND,39425,,
APEX,5535489,,
APLAPOLLO,6599681,,
APLLTD,6483969,,
APOLLO,290305,,
APOLLOHOSP,40193,,
APOLLOPIPE,3676417,,
APOLLOTYRE,41729,,
APOLSINHOT,1613313,,
APTECHT,2753281,,
APTUS,1391361,,
AQYLON,5981441,,
ARCHIDPLY,4299521,,
ARCHIES,1456129,,
ARE&M,25601,,
ARENTERP,46337,,
ARFIN,194227201,,
ARIES,3892225,,
ARIHANTCAP,976129,,
ARIHANTSUP,5160705,,
ARIS,193949185,,
ARKADE,6501889,,
ARMANFIN,4419329,,
AROGRANITE,3726593,,
ARROWGREEN,2370561,,
ARSHIYA,7427841,,
ARSSBL,194548737,,
ARTEMISMED,4329729,,
ARTNIRMAN,1575937,,
ARVEE,720385,,
ARVIND,49409,,
ARVINDFASN,2332417,,
ARVSMART,2676993,,
ASAHIINDIA,1376769,,
ASAHISONG,6422529,,
ASAL,2722305,,
ASALCBR,4505089,,
ASHAPURMIN,51969,,
ASHIANA,6247169,,
ASHIMASYN,52737,,
ASHOKA,5166593,,
ASHOKAMET,4337409,,
ASHOKLEY,54273,,
ASIANENE,1799681,,
ASIANHOTNR,4716033,,
ASIANPAINT,60417,,
ASIANTILES,3811585,,
ASKAUTOLTD,5158913,,
ASMS,3600385,,
ASPINWALL,4421121,,
ASTEC,4538369,,
ASTERDM,386049,,
ASTRAL,3691009,,
ASTRAMICRO,2974209,,
ASTRAZEN,1436161,,
ASTRON,223745,,
ATALREAL,4006145,,
ATAM,3943425,,
ATGL,1552897,,
ATHERENERG,193957121,,
ATL,4551169,,
ATLANTAA,3477761,,
ATLANTAELE,194305793,,
ATLASCYCLE,1169409,,
ATUL,67329,,
ATULAUTO,7685889,,
AUBANK,5436929,,
AURIGROW,411393,,
AURIONPRO,3077633,,
AUROPHARMA,70401,,
AURUM,2639361,,
AUSOMENT,2312961,,
AUTOAXLES,71169,,
AUTOIND,3611137,,
AVADHSUGAR,5479937,,
AVALON,3854849,,
AVANTEL,6300161,,
AVANTIFEED,2031617,,
AVG,3990785,,
AVL,6651905,,
AVONMORE,3470593,,
AVROIND,2259713,,
AVTNPL,3586049,,
AWFIS,6109185,,
AWHCL,460033,,
AWL,2076161,,
AXISBANK,1510401,,
AXISCADES,2415617,,
AXITA,2534913,,
AYE,194811137,,
AYMSYNTEX,2632961,,
AZAD,5351681,,
BAFNAPH,4541953,,
BAGFILMS,2873857,,
BAIDFIN,3531265,,
BAJAJ-AUTO,4267265,,
BAJAJCON,4999937,,
BAJAJELEC,3848705,,
BAJAJFINSV,4268801,,
BAJAJHCARE,1756929,,
BAJAJHFL,6469121,,
BAJAJHIND,78849,,
BAJAJHLDNG,78081,,
BAJAJINDEF,7597569,,
BAJEL,5255937,,
BAJFINANCE,81153,,
BALAJEE,6451969,,
BALAJITELE,2344449,,
BALAMINES,3712257,,
BALAXI,2895105,,
BALKRISHNA,2606337,,
BALKRISIND,85761,,
BALMLAWRIE,86529,,
BALPHARMA,3440897,,
BALRAMCHIN,87297,,
BALUFORGE,6043393,,
BANARBEADS,88833,,
BANARISUG,89601,,
BANCOINDIA,3553281,,
BANDHANBNK,579329,,
BANG,3917569,,
BANKA,210433,,
BANKBARODA,1195009,,
BANKINDIA,1214721,,
BANSALWIRE,6242817,,
BANSWRAS,3714817,,
BASF,94209,,
BASML,3080705,,
BATAINDIA,94977,,
BAYERCROP,4589313,,
BBL,3522817,,
BBOX,879361,,
BBTC,97281,,
BBTCL,3111169,,
BCG,2263297,,
BCLIND,643329,,
BCONCEPTS,1991681,,
BCPL,194942465,,
BDL,548865,,
BEARDSELL,4590849,,
BECTORFOOD,416769,,
BEDMUTHA,5171201,,
BEL,98049,,
BELLACASA,194032129,,
BELRISE,193818113,,
BEML,101121,,
BEPL,107265,,
BERGEPAINT,103425,,
BESTAGRO,591617,,
BETA,194519553,,
BFINVEST,5404929,,
BFUTILITIE,6625025,,
BGLOBAL,2910977,,
BGRENERGY,3889409,,
BHAGCHEM,1577985,,
BHAGERIA,3430401,,
BHAGYANGR,5318657,,
BHANDARI,5006337,,
BHARATCOAL,194745857,,
BHARATFORG,108033,,
BHARATGEAR,109057,,
BHARATRAS,981505,,
BHARATSE,7742465,,
BHARATWIRE,4127489,,
BHARTIARTL,2714625,,
BHARTIHEXA,6013185,,
BHEL,112129,,
BIGBLOC,4718337,,
BIKAJI,3063297,,
BIL,2009089,,
BILVYAPAR,3487233,,
BIOCON,2911489,,
BIOFILCHEM,1058817,,
BIRLACABLE,122113,,
BIRLACORPN,122881,,
BIRLAMONEY,3901185,,
BIRLANU,372481,,
BLACKBUCK,6948865,,
BLAL,3857153,,
BLBLIMITED,2083585,,
BLISSGVS,4931841,,
BLKASHYAP,3402241,,
BLS,4423425,,
BLSE,5776897,,
BLUECHIP,2214401,,
BLUECOAST,1914881,,
BLUEDART,126721,,
BLUEJET,5039617,,
BLUESTARCO,2127617,,
BLUESTONE,194378497,,
BLUSPRING,193925121,,
BMWVENTLTD,194369537,,
BODALCHEM,6404353,,
BOHRAIND,2980097,,
BOMDYEING,131329,,
BONLON,194830337,,
BORANA,194027521,,
BOROLTD,4966657,,
BORORENEW,806145,,
BOROSCI,6147585,,
BOSCH-HCIL,1149697,,
BOSCHLTD,558337,,
BPCL,134657,,
BPL,135681,,
BRIGADE,3887105,,
BRIGHOTEL,193995265,,
BRITANNIA,140033,,
BRNL,5550849,,
BROOKS,6434817,,
BSE,5013761,,
BSHSL,207105,,
BSL,143105,,
BSOFT,1790465,,
BTML,3622401,,
BUILDPRO,194712065,,
BUTTERFLY,695297,,
BVCL,3858689,,
BYKE,2027265,,
CALSOFT,2135297,,
CAMLINFINE,1591297,,
CAMPUS,2396673,,
CAMS,87553,,
CANBK,2763265,,
CANFINHOME,149249,,
CANHLIFE,194426113,,
CANTABIL,5160961,,
CAPACITE,5567745,,
CAPILLARY,194525953,,
CAPITALSFB,5804801,,
CAPLIPOINT,999937,,
CAPTRUST,4979457,,
CARBORUNIV,152321,,
CARERATING,7452929,,
CARRARO,7393025,,
CARTRADE,1384193,,
CARYSIL,481025,,
CASTROLIND,320001,,
CCAVENUE,4159745,,
CCCL,3837953,,
CCHHL,1634561,,
CCL,2931713,,
CDSL,5420545,,
CEATLTD,3905025,,
CEIGALL,6333953,,
CEINSYS,194825473,,
CELEBRITY,3369473,,
CELLO,5067521,,
CEMPRO,1439233,,
CENTENKA,158465,,
CENTEXT,2946817,,
CENTRALBK,3812865,,
CENTRUM,628225,,
CENTUM,3835393,,
CENTURYPLY,3406081,,
CERA,3849985,,
CEREBRAINT,7428097,,
CESC,160769,,
CEWATER,7363585,,
CGCL,5204225,,
CGPOWER,194561,,
CHALET,2187777,,
CHAMBLFERT,163073,,
CHEMBOND,3742209,,
CHEMBONDCH,194045185,,
CHEMCON,69121,,
CHEMFAB,716545,,
CHEMPLASTS,1394945,,
CHENNPETRO,524545,,
CHEVIOT,2529025,,
CHOICEIN,2269697,,
CHOLAFIN,175361,,
CHOLAHLDNG,5565441,,
CIEINDIA,3823873,,
CIFL,193539841,,
CIGNITITEC,1316353,,
CINELINE,6953217,,
CINEVISTA,2054145,,
CIPLA,177665,,
CLCIND,3544577,,
CLEAN,1292545,,
CLEANMAX,194606849,,
CLEDUCATE,5179649,,
CLSEL,891393,,
CMICABLES,5037057,,
CMPDI,194964737,,
CMSINFO,1946369,,
CNL,2855681,,
COALINDIA,5215745,,
COASTCORP,1537537,,
COCHINSHIP,5506049,,
COFFEEDAY,2858241,,
COFORGE,2955009,,
COHANCE,4593921,,
COLPAL,3876097,,
COMPINFO,5035521,,
COMPUSOFT,7971329,,
COMSYN,5523969,,
CONCOR,1215745,,
CONCORDBIO,4623361,,
CONFIPET,2620929,,
CONSOFINVT,3003393,,
CONTROLPR,4474113,,
CORALFINAC,1025793,,
CORDSCABLE,3909377,,
COROMANDEL,189185,,
CORONA,194625025,,
COSMOFIRST,189953,,
COUNCODOS,4348417,,
CPCAP,5142017,,
CPEDU,194288897,,
CPPLUS,194267649,,
CRAFTSMAN,730625,,
CRAMC,194383617,,
CREATIVEYE,2402305,,
CREDITACC,1131777,,
CREST,3558401,,
CRISIL,193793,,
CRIZAC,194009601,,
CROMPTON,4376065,,
CROWN,2069249,,
CSBBANK,3831297,,
CSLFINANCE,2649601,,
CTE,3639809,,
CUB,1459457,,
CUBEXTUB,1040385,,
CUMMINSIND,486657,,
CUPID,4741121,,
CURAA,7728897,,
CYBERMEDIA,3031553,,
CYBERTECH,1549057,,
CYIENT,1471489,,
CYIENTDLM,4399873,,
DABUR,197633,,
DALBHARAT,2067201,,
DALMIASUG,199937,,
DAMCAPITAL,7337473,,
DAMODARIND,4490497,,
DANGEE,284161,,
DATAMATICS,2924289,,
DATAPATTNS,1883649,,
DAVANGERE,5579265,,
DBCORP,4577537,,
DBEIL,6628353,,
DBL,4630017,,
DBOL,2788609,,
DBREALTY,4639745,,
DBSTOCKBRO,7963393,,
DCAL,5556225,,
DCBBANK,3513601,,
DCI,2961409,,
DCM,206081,,
DCMFINSERV,2228225,,
DCMNVL,2825985,,
DCMSHRIRAM,207617,,
DCMSIL,194789889,,
DCMSRIND,1875201,,
DCW,209153,,
DCXINDIA,3045121,,
DDEVPLSTIK,7449089,,
DECCANCE,3798529,,
DEEDEV,6183425,,
DEEPAKFERT,211713,,
DEEPAKNTR,5105409,,
DEEPINDS,842753,,
DELHIVERY,2457345,,
DELPHIFX,6244097,,
DELTACORP,3851265,,
DELTAMAGNT,310785,,
DEN,4536833,,
DENORA,1095425,,
DENTA,7489537,,
DEVIT,2085377,,
DEVX,194324225,,
DEVYANI,1375489,,
DGCONTENT,2648577,,
DHAMPURSUG,219393,,
DHANBANK,2907905,,
DHANUKA,6248705,,
DHARAN,194355969,,
DHARMAJ,3328257,,
DHRUV,1755649,,
DHUNINV,5691649,,
DIACABS,4747009,,
DIAMINESQ,4772865,,
DIAMONDYD,5591041,,
DICIND,179969,,
DIFFNKG,6572033,,
DIGIDRIVE,5439233,,
DIGISPICE,4270849,,
DIGITIDE,193923841,,
DIGJAMLMTD,1568513,,
DIL,194678273,,
DISHTV,3721473,,
DIVGIITTS,3706625,,
DIVISLAB,2800641,,
DIXON,5552641,,
DJML,3264769,,
DLF,3771393,,
DLINKINDIA,4569857,,
DMART,5097729,,
DMCC,1785089,,
DNAMEDIA,164097,,
DODLA,1234433,,
DOLATALGO,3103745,,
DOLLAR,5263361,,
DOLPHIN,4643585,,
DOMS,5261057,,
DONEAR,3542785,,
DPABHUSHAN,239617,,
DPSCLTD,3947265,,
DPWIRES,4326401,,
DRCSYSTEMS,677121,,
DREAMFOLKS,2779905,,
DREDGECORP,2885377,,
DRREDDY,225537,,
DSFCL,194788097,,
DSSL,6576641,,
DTIL,1594113,,
DUCON,7412737,,
DVL,3894785,,
DWARKESH,2986753,,
DYCL,2666753,,
DYNAMATECH,1158401,,
DYNPRO,5456385,,
E2E,2288641,,
EASEMYTRIP,714753,,
EASTSILK,2500865,,
EBGNG,194012673,,
ECLERX,3885825,,
ECOSMOBLTY,6415361,,
EDELWEISS,3870465,,
EDUCOMP,5567233,,
EFCIL,194220801,,
EICHERMOT,232961,,
EIDPARRY,234497,,
EIEL,6966529,,
EIFFL,1546241,,
EIHAHOTELS,3942145,,
EIHOTEL,235265,,
EIMCOELECO,1034241,,
EKC,3351297,,
ELDEHSG,2291969,,
ELECON,3492609,,
ELECTCAST,237569,,
ELECTHERM,1144065,,
ELGIEQUIP,239873,,
ELGIRUBCO,6380545,,
ELIN,3436289,,
ELLEN,194192129,,
EMAMILTD,3460353,,
EMAMIPAP,2578945,,
EMAMIREAL,4934913,,
EMBDL,3699969,,
EMCURE,6245889,,
EMIL,2951681,,
EMKAY,3435777,,
EMMBI,4644353,,
EMMVEE,194490369,,
EMSLIMITED,4759809,,
EMUDHRA,2497537,,
ENDURANCE,4818433,,
ENERGYDEV,3852545,,
ENGINERSIN,1256193,,
ENIL,3377153,,
ENRIN,193758977,,
ENTERO,5815553,,
EPACK,5750529,,
EPACKPEB,194368257,,
EPIGRAL,1377793,,
EPL,251137,,
EQUIPPP,909569,,
EQUITASBNK,233729,,
ERIS,5415425,,
ESABINDIA,244481,,
ESAFSFB,5088769,,
ESCORTS,245249,,
ESSARSHPNG,6562305,,
ESSENTIA,7762689,,
ESTER,6211841,,
ETERNAL,1304833,,
ETHOSLTD,2496001,,
EUREKAFORB,6441473,,
EUROBOND,194035969,,
EUROPRATIK,194508033,,
EUROTEXIND,255745,,
EVEREADY,3016193,,
EVERESTIND,254209,,
EXCELINDUS,2936577,,
EXCELSOFT,194561793,,
EXICOM,5874433,,
EXIDEIND,173057,,
EXPLEOSOL,4476417,,
EXXARO,1370113,,
FABTECH,194592001,,
FACT,258049,,
FAIRCHEMOR,413185,,
FAZE3Q,3073537,,
FCL,1586689,,
FCONSUMER,194688001,,
FCSSOFT,3071745,,
FDC,1253889,,
FEDERALBNK,261889,,
FEDFINA,5202433,,
FEL,3535873,,
FELDVR,7805697,,
FIBERWEB,2089473,,
FIEMIND,3509761,,
FILATEX,6280193,,
FILATFASH,6053633,,
FINCABLES,265729,,
FINEORG,958465,,
FINKURVE,194365185,,
FINOPB,1684225,,
FINPIPE,266497,,
FIRSTCRY,6352385,,
FISCHER,193960449,,
FIVESTAR,3080193,,
FLAIR,5215233,,
FLEXITUFF,6531073,,
FLFL,3806209,,
FLUOROCHEM,3520001,,
FMGOETZE,304641,,
FMNL,5380353,,
FOCUS,1750017,,
FOODSIN,1708289,,
FORCEMOT,2962689,,
FORTIS,3735553,,
FOSECOIND,274689,,
FRACTAL,194806017,,
FSL,3661825,,
FUSION,3054593,,
GABRIEL,277761,,
GAEL,2259969,,
GAIL,1207553,,
GALAPREC,6434305,,
GALAXYSURF,336641,,
GALLANTT,3414273,,
GANDHAR,5197569,,
GANDHITUBE,3613697,,
GANECOS,1777665,,
GANESHBE,1437185,,
GANESHCP,194307073,,
GANESHHOU,3670785,,
GANGAFORGE,1268993,,
GANGESSECU,5478145,,
GARFIBRES,281601,,
GARUDA,6604801,,
GATECH,4579329,,
GATECHDVR,4353,,
GATEWAY,2178561,,
GAUDIUMIVF,194605569,,
GAYAHWS,945409,,
GAYAPROJ,6406913,,
GCSL,194300417,,
GEECEE,3496449,,
GEEKAYWIRE,4588033,,
GEMAROMA,194422529,,
GENCON,560129,,
GENESYS,2791681,,
GENSOL,194263553,,
GENUSPAPER,1689601,,
GENUSPOWER,3047681,,
GEOJITFSL,3045377,,
GESHIP,3526657,,
GFLLIMITED,329985,,
GFSTEELS,2836225,,
GHCL,288513,,
GHCLTEXTIL,4274177,,
GICHSGFIN,291585,,
GICL,194822401,,
GICRE,70913,,
GILLANDERS,4566785,,
GILLETTE,403457,,
GINNIFILA,292353,,
GIPCL,293121,,
GKENERGY,194316289,,
GKSL,194866433,,
GKWLIMITED,4443393,,
GLAND,303617,,
GLAXO,295169,,
GLENMARK,1895937,,
GLFL,295937,,
GLOBAL,362241,,
GLOBALE,6382593,,
GLOBALVECT,3516161,,
GLOBE,100609,,
GLOBECIVIL,194194433,,
GLOBUSSPR,4460545,,
GLOSTERLTD,6039041,,
GLOTTIS,194589697,,
GMBREW,299009,,
GMDCLTD,1332225,,
GMMPFAUDLR,401921,,
GMRAIRPORT,3463169,,
GMRP&UI,2183425,,
GNA,4754177,,
GNFC,300545,,
GOACARBON,3759873,,
GOCLCORP,1014529,,
GOCOLORS,1782785,,
GODAVARIB,6640897,,
GODFRYPHLP,302337,,
GODIGIT,6092545,,
GODREJAGRO,36865,,
GODREJCP,2585345,,
GODREJIND,2796801,,
GODREJPROP,4576001,,
GOKEX,3015169,,
GOKUL,4276481,,
GOKULAGRO,3706881,,
GOLDENTOBC,2974465,,
GOLDIAM,3064577,,
GOLDTECH,2527745,,
GOODLUCK,1568001,,
GOPAL,5904897,,
GOYALALUM,3017473,,
GPIL,3432705,,
GPPL,5051137,,
GPTHEALTH,5848577,,
GPTINFRA,4527361,,
GRANULES,3039233,,
GRAPHITE,151553,,
GRASIM,315393,,
GRAVITA,5256705,,
GREAVESCOT,316161,,
GREENLAM,1753089,,
GREENPANEL,3535361,,
GREENPLY,1020673,,
GREENPOWER,5148161,,
GRINDWELL,3471361,,
GRINFRA,1293825,,
GRMOVER,2782977,,
GROBTEA,4549121,,
GROWW,194510337,,
GRPLTD,1675009,,
GRSE,1401601,,
GRWRHITECH,2043393,,
GSFC,319233,,
GSLSU,3737345,,
GSPCROP,195133185,,
GSPL,3378433,,
GSS,3928833,,
GTECJAINX,289025,,
GTL,297473,,
GTLINFRA,3518721,,
GTPL,5425921,,
GUFICBIO,2971137,,
GUJALKALI,324353,,
GUJAPOLLO,3757313,,
GUJGASLTD,2713345,,
GUJRAFFIA,1164289,,
GUJTHEM,7611137,,
GULFOILLUB,1124097,,
GULFPETRO,2964737,,
GULPOLY,1609217,,
GVKPIL,3386625,,
GVPIL,2013697,,
GVPTECH,2781441,,
GVT&D,4296449,,
HAL,589569,,
HALDER,194743041,,
HALEOSLABS,5517057,,
HAPPSTMNDS,12289,,
HAPPYFORGE,5338625,,
HARDWYN,2294273,,
HARIOMPIPE,2295809,,
HARRMALAYA,336129,,
HARSHA,2857473,,
HATHWAY,4647425,,
HATSUN,996353,,
HAVELLS,2513665,,
HAVISHA,1908993,,
HBLENGINE,3575297,,
HBSL,1053697,,
HCC,352001,,
HCG,3982081,,
HCL-INSYS,339713,,
HCLTECH,1850625,,
HDBFS,193989633,,
HDFCAMC,1086465,,
HDFCBANK,341249,,
HDFCLIFE,119553,,
HDIL,4587521,,
HEADSUP,4916481,,
HECPROJECT,1900801,,
HEG,342017,,
HEIDELBERG,592897,,
HEMIPROP,179457,,
HERANBA,669185,,
HERITGFOOD,1177089,,
HEROMOTOCO,345089,,
HESTERBIO,1804289,,
HEXATRADEX,6914049,,
HEXT,7594497,,
HFCL,5619457,,
HGINFRA,428033,,
HGM,3479553,,
HGS,3766273,,
HIKAL,2475009,,
HILINFRA,194330369,,
HILTON,3744513,,
HIMATSEIDE,348161,,
HINDALCO,348929,,
HINDCOMPOS,351233,,
HINDCON,1259521,,
HINDCOPPER,4592385,,
HINDOILEXP,359169,,
HINDPETRO,359937,,
HINDUNILVR,356865,,
HINDWAREAP,4066049,,
HINDZINC,364545,,
HIRECT,3555841,,
HISARMETAL,4946433,,
HITECH,734209,,
HITECHCORP,3881217,,
HITECHGEAR,2193409,,
HLEGLAS,585985,,
HLVLTD,370689,,
HMAAGRO,4365569,,
HMT,5042689,,
HMVL,4918017,,
HNDFDS,3116289,,
HOMEFIRST,526337,,
HONASA,5072129,,
HONAUT,874753,,
HONDAPOWER,803329,,
HPAL,1888257,,
HPIL,3019777,,
HPL,4781825,,
HSCL,3669505,,
HTMEDIA,3066625,,
HUBTOWN,3635969,,
HUDCO,5331201,,
HUHTAMAKI,655873,,
HYBRIDFIN,3279105,,
HYUNDAI,6616065,,
IBULLSLTD,6399745,,
ICDSLTD,2460161,,
ICEMAKE,125185,,
ICICIAMC,194664193,,
ICICIBANK,1270529,,
ICICIGI,5573121,,
ICICIPRULI,4774913,,
ICIL,3068673,,
ICRA,3717889,,
IDBI,377857,,
IDEA,3677697,,
IDEAFORGE,4387841,,
IDFCFIRSTB,2863105,,
IEX,56321,,
IFBAGRO,379393,,
IFBIND,380161,,
IFCI,381697,,
IFGLEXPOR,111617,,
IGARASHI,162305,,
IGCL,193997057,,
IGIL,7264769,,
IGL,2883073,,
IGPL,3606017,,
IIFL,3023105,,
IIFLCAPS,3346433,,
IITL,4998401,,
IKIO,4306433,,
IKS,7200001,,
IL&FSENGG,2401281,,
IL&FSTRANS,2401537,,
IMAGICAA,1964033,,
IMFA,4924161,,
IMPAL,3074305,,
IMPEXFERRO,6625537,,
INA,194841345,,
INCREDIBLE,4481793,,
INDBANK,4334849,,
INDGN,6065409,,
INDHOTEL,387073,,
INDIACEM,387841,,
INDIAGLYCO,389377,,
INDIAMART,2745857,,
INDIANB,3663105,,
INDIANCARD,1132033,,
INDIANHUME,391681,,
INDIASHLTR,5262337,,
INDIGO,2865921,,
INDIGOPNTS,524289,,
INDIQUBE,194008321,,
INDNIPPON,1215233,,
INDOAMIN,2333697,,
INDOBORAX,2205185,,
INDOCO,2989313,,
INDOFARM,7430401,,
INDORAMA,2814209,,
INDOSTAR,790529,,
INDOTECH,3398401,,
INDOTHAI,6555649,,
INDOUS,6528769,,
INDOWIND,3827713,,
INDRAMEDCO,1216257,,
INDSWFTLAB,1246721,,
INDTERRAIN,5620993,,
INDUSINDBK,1346049,,
INDUSTOWER,7458561,,
INFOBEAN,2822913,,
INFOMEDIA,3505409,,
INFY,408065,,
INGERRAND,408833,,
INNOVACAP,5391873,,
INNOVANA,7105025,,
INNOVISION,194951169,,
INOXGREEN,3120129,,
INOXINDIA,5275393,,
INOXWIND,2010113,,
INSECTICID,3752193,,
INSPIRISYS,3515905,,
INTELLECT,1517057,,
INTENTECH,5138177,,
INTERARCH,6376705,,
INTLCONV,1435137,,
INVENTURE,6366721,,
IOB,2393089,,
IOC,415745,,
IOLCP,5225729,,
IONEXCHANG,417281,,
IPCALAB,418049,,
IPL,1263105,,
IRB,3920129,,
IRCON,1276417,,
IRCTC,3484417,,
IREDA,5186817,,
IRFC,519425,,
IRIS,1661185,,
IRISDOREME,582401,,
IRMENERGY,5016833,,
ISFT,4730625,,
ISGEC,852225,,
ISHANCH,7743745,,
ITC,424961,,
ITCHOTELS,7488257,,
ITDC,4940545,,
ITI,428801,,
IVALUE,194314497,,
IVC,1718017,,
IVP,430337,,
IXIGO,6161153,,
IZMO,3629569,,
J&KBANK,1442049,,
JAGRAN,3382017,,
JAGSNPHARM,1128961,,
JAIBALAJI,2881537,,
JAICORPLTD,1316609,,
JAINREC,194366465,,
JAIPURKURT,1412097,,
JAMNAAUTO,5319169,,
JARO,194547457,,
JASH,3579393,,
JAYAGROGN,1034497,,
JAYBARMARU,437249,,
JAYKAY,194578689,,
JAYNECOIND,596737,,
JAYSREETEA,440321,,
JBCHEPHARM,441857,,
JBMA,2983681,,
JETFREIGHT,1846017,,
JGCHEM,5902337,,
JHS,3512321,,
JINDALPHOT,3006209,,
JINDALPOLY,449537,,
JINDALSAW,774145,,
JINDALSTEL,1723649,,
JINDRILL,3552001,,
JINDWORLD,5284353,,
JIOFIN,4644609,,
JISLDVREQS,6575105,,
JISLJALEQS,2661633,,
JITFINFRA,5041921,,
JKCEMENT,3397121,,
JKIL,3908097,,
JKIPL,194356481,,
JKLAKSHMI,3453697,,
JKPAPER,3036161,,
JKTYRE,3695361,,
JLHL,4749569,,
JMA,1819905,,
JMFINANCIL,3491073,,
JNKINDIA,6046977,,
JOCIL,4333313,,
JPOLYINVST,8065793,,
JPPOWER,3011329,,
JSFB,5801729,,
JSL,2876417,,
JSLL,194077441,,
JSWCEMENT,194165761,,
JSWENERGY,4574465,,
JSWHL,3041281,,
JSWINFRA,4869121,,
JSWSTEEL,3001089,,
JTEKTINDIA,828673,,
JTLIND,1865473,,
JUBLCPL,7575041,,
JUBLFOOD,4632577,,
JUBLINGREA,712449,,
JUBLPHARMA,931073,,
JUNIPER,5842945,,
JUSTDIAL,7670273,,
JWL,5177345,,
JYOTHYLAB,3877377,,
JYOTICNC,5461505,,
JYOTISTRUC,461313,,
KABRAEXTRU,462081,,
KAJARIACER,462849,,
KAKATCEM,463617,,
KALAMANDIR,4801281,,
KALPATARU,194190849,,
KALYANI,5031169,,
KALYANIFRG,3879937,,
KALYANKJIL,756481,,
KAMATHOTEL,467457,,
KAMDHENU,3444993,,
KAMOPAINTS,3536385,,
KANANIIND,6601217,,
KANORICHEM,469761,,
KANPRPLA,456193,,
KANSAINER,306177,,
KAPSTON,4856065,,
KARMAENG,6242561,,
KARURVYSYA,470529,,
KAUSHALYA,3874817,,
KAVDEFENCE,3903489,,
KAYA,2630657,,
KAYNES,3095553,,
KCP,471297,,
KCPSUGIND,1231105,,
KDDL,3816449,,
KEC,3394561,,
KECL,4664321,,
KEEPLEARN,199169,,
KEI,3407361,,
KELLTONTEC,3438081,,
KERNEX,3358977,,
KESORAMIND,475905,,
KEYFINSERV,1064193,,
KFINTECH,3419905,,
KHADIM,108801,,
KHAICHEM,229377,,
KHAITANLTD,1001473,,
KHANDSE,2468097,,
KICL,5406465,,
KILITCH,5103873,,
KIMS,1240833,,
KINGFA,4849665,,
KIOCL,4896257,,
KIRIINDUS,4259585,,
KIRLOSBROS,4756737,,
KIRLOSENG,5359617,,
KIRLOSIND,4870401,,
KIRLPNU,3886081,,
KITEX,7398145,,
KKCL,3425537,,
KMEW,6933505,,
KMSUGAR,3754753,,
KNAGRI,194796289,,
KNRCON,3912449,,
KOHINOOR,770305,,
KOKUYOCMLN,4307713,,
KOLTEPATIL,3871745,,
KOPRAN,491265,,
KOTAKBANK,492033,,
KOTARISUG,2981633,,
KOTHARIPET,1176065,,
KOTHARIPRO,1415169,,
KOTYARK,194901761,,
KPEL,6932225,,
KPIGREEN,1307649,,
KPIL,464385,,
KPITTECH,2478849,,
KPRMILL,3817473,,
KRBL,2707713,,
KREBSBIO,495873,,
KRIDHANINF,2938881,,
KRISHANA,3288833,,
KRISHIVAL,193736193,,
KRISHNADEF,194865153,,
KRITI,1642753,,
KRITIKA,2377729,,
KRITINUT,2926593,,
KRN,6564609,,
KRONOX,6150401,,
KROSS,6464513,,
KRSNAA,1371905,,
KRYSTAL,5932801,,
KSB,498945,,
KSCL,3832833,,
KSHINTL,194670849,,
KSHITIJPOL,2665473,,
KSL,4835585,,
KSOLVES,2831361,,
KSR,194557185,,
KTKBANK,2061825,,
KUANTUM,3550721,,
KWIL,194802177,,
LAGNAM,1501441,,
LAKPRE,1222145,,
LAL,3820545,,
LALPATHLAB,2983425,,
LAMBODHARA,1640193,,
LANCORHOL,5895681,,
LANDMARK,3398657,,
LANDSMILL,4448257,,
LAOPALA,3692289,,
LASA,5558529,,
LATENTVIEW,1745409,,
LATTEYS,4055041,,
LAURUSLABS,4923905,,
LAXMICOT,1681921,,
LAXMIDENTL,7467777,,
LAXMIINDIA,194268929,,
LCCINFOTEC,1929473,,
LEMERITE,194636801,,
LEMONTREE,667137,,
LENSKART,194458881,,
LEXUS,3702273,,
LFIC,2022913,,
LGBBROSLTD,4690177,,
LGEINDIA,194614529,,
LGHL,5088257,,
LIBAS,2836993,,
LIBERTSHOE,510465,,
LICHSGFIN,511233,,
LICI,2426881,,
LIKHITHA,148225,,
LINC,1779457,,
LINCOLN,2968577,,
LINDEINDIA,416513,,
LLOYDSENGG,4557057,,
LLOYDSENT,6606593,,
LLOYDSME,4432129,,
LMW,506625,,
LODHA,824321,,
LOKESHMACH,3439617,,
LORDSCHLO,4667393,,
LOTUSDEV,194085121,,
LOTUSEYE,4302593,,
LOVABLE,5738241,,
LOYALTEX,2714881,,
LPDC,4316929,,
LT,2939649,,
LTF,6386689,,
LTFOODS,3536897,,
LTM,4561409,,
LTTS,4752385,,
LUMAXIND,516609,,
LUMAXTECH,3587585,,
LUPIN,2672641,,
LUXIND,2893057,,
LXCHEM,727297,,
LYKALABS,519169,,
LYPSAGEMS,8055809,,
M&M,519937,,
M&MFIN,3400961,,
MAANALU,3844353,,
MACPOWER,5720833,,
MADHAV,3878657,,
MADHUCON,3499777,,
MADRASFERT,1257217,,
MAGADSUGAR,5476353,,
MAGNUM,3828993,,
MAHABANK,2912513,,
MAHAPE-RE,194985217,,
MAHAPEXLTD,1341185,,
MAHASTEEL,4487937,,
MAHEPC,4506369,,
MAHESHWARI,2451457,,
MAHLIFE,2060801,,
MAHLOG,98561,,
MAHSCOOTER,533761,,
MAHSEAMLES,534529,,
MAITHANALL,6281729,,
MALLCOM,2039041,,
MALUPAPER,3418113,,
MAMATA,7343873,,
MANAKALUCO,1901313,,
MANAKCOAT,1897729,,
MANAKSIA,3890945,,
MANAKSTEEL,1910529,,
MANALIPETC,3531777,,
MANAPPURAM,4879617,,
MANBA,6552833,,
MANCREDIT,6354689,,
MANGALAM,3025921,,
MANGLMCEM,539137,,
MANINDS,3042305,,
MANINFRA,4665857,,
MANKIND,3937281,,
MANOMAY,3520769,,
MANORAMA,2618113,,
MANORG,1644033,,
MANUGRAPH,3474433,,
MANYAVAR,2090753,,
MAPMYINDIA,1850113,,
MARALOVER,540673,,
MARATHON,4776705,,
MARICO,1041153,,
MARINE,339969,,
MARKOLINES,194612225,,
MARKSANS,2708225,,
MARSONS,194914817,,
MARUTI,2815745,,
MASFIN,50945,,
MASKINVEST,4794113,,
MASTEK,543745,,
MASTERTR,6924033,,
MATRIMONY,5561857,,
MAWANASUG,4357633,,
MAXESTATES,5029377,,
MAXHEALTH,5728513,,
MAXIND,5741569,,
MAYURUNIQ,7399937,,
MAZDA,4829697,,
MAZDOCK,130305,,
MBAPL,3247617,,
MBEL,194086401,,
MBLINFRA,4615425,,
MCL,5724673,,
MCLEODRUSS,3057409,,
MCLOUD,7547393,,
MCX,7982337,,
MEDANTA,3060737,,
MEDIASSIST,5556481,,
MEDICAMEQ,1607169,,
MEDICO,2474753,,
MEDPLUS,1857025,,
MEESHO,194618625,,
MEGASTAR,2087169,,
MEIL,194239489,,
MENONBE,1782017,,
MEP,6625793,,
METROBRAND,1853953,,
METROPOLIS,2452737,,
MFML,6383873,,
MFSL,548353,,
MGEL,407809,,
MGL,4488705,,
MHLXMIRU,2018817,,
MHRIL,4437249,,
MICEL,1835265,,
MIDHANI,630529,,
MIDWESTLTD,194436353,,
MINDACORP,6629633,,
MINDTECK,4620545,,
MIRCELECTR,563713,,
MIRZAINT,1124865,,
MITCON,2168065,,
MITTAL,4751873,,
MKPL,4284417,,
MMFL,3544065,,
MMP,4197121,,
MMTC,4596993,,
MOBIKWIK,7179777,,
MODINATUR,194630913,,
MODIRUBBER,570625,,
MODIS,194496513,,
MODISONLTD,848897,,
MODTHREAD,573697,,
MOHITIND,7532289,,
MOIL,5332481,,
MOKSH,918017,,
MOL,1380865,,
MOLDTECH,4512001,,
MOLDTKPAC,1718529,,
MONARCH,1965825,,
MONEYBOXX,194401537,,
MONTECARLO,1520129,,
MORARJEE,6624257,,
MOREPENLAB,578305,,
MOSCHIP,7541505,,
MOTHERSON,1076225,,
MOTILALOFS,3826433,,
MOTISONS,5321729,,
MOTOGENFIN,580609,,
MPHASIS,1152769,,
MPSLTD,2707969,,
MRF,582913,,
MRPL,584449,,
MSPL,3051265,,
MSTCLTD,2395137,,
MSUMI,2200577,,
MTARTECH,693505,,
MTEDUCARE,8041729,,
MTNL,587265,,
MUFIN,5064449,,
MUFTI,5344769,,
MUKANDLTD,2899201,,
MUKKA,5882881,,
MUKTAARTS,2223873,,
MUNJALAU,3458817,,
MUNJALSHOW,590593,,
MURUDCERA,592129,,
MUTHOOTCAP,2666241,,
MUTHOOTFIN,6054401,,
MUTHOOTMF,5332737,,
MVGJL,4867841,,
MWL,194347265,,
NACLIND,5228801,,
NAGAFERT,3343361,,
NAGREEKCAP,3825153,,
NAGREEKEXP,3763713,,
NAHARCAP,3932161,,
NAHARINDUS,3355137,,
NAHARPOLY,3697921,,
NAHARSPING,3696641,,
NAM-INDIA,91393,,
NARMADA,2976513,,
NATCAPSUQ,7573249,,
NATCOPHARM,1003009,,
NATHBIOGEN,2832641,,
NATIONALUM,1629185,,
NAUKRI,3520257,,
NAVA,1027585,,
NAVINFLUOR,3756033,,
NAVKARCORP,2702593,,
NAVKARURB,7461377,,
NAVNETEDUL,610561,,
NAZARA,764673,,
NBCC,8042241,,
NBIFIN,4892417,,
NCC,593665,,
NCLIND,3709441,,
NDGL,4702977,,
NDL,8002049,,
NDLVENTURE,3724033,,
NDRAUTO,5697281,,
NDTV,2925313,,
NECCLTD,3461633,,
NECLIFE,3053313,,
NELCAST,3778817,,
NELCO,611329,,
NEOGEN,2538753,,
NEPHROPLUS,194648577,,
NESCO,3944705,,
NESTLEIND,4598529,,
NETWEB,4462849,,
NETWORK18,3612417,,
NEUEON,7821825,,
NEULANDLAB,615937,,
NEWGEN,297985,,
NEXTMEDIA,2525953,,
NFL,3564801,,
NGIL,1382657,,
NGLFINE,2630913,,
NH,3031041,,
NHPC,4454401,,
NIACL,102145,,
NIBE,7548673,,
NIBL,7611649,,
NIITLTD,2949633,,
NIITMTS,4543233,,
NILAINFRA,2368769,,
NILASPACES,1897217,,
NILKAMAL,619777,,
NIMBSPROJ,195000321,,
NINSYS,3633665,,
NIPPOBATRY,1736193,,
NIRAJ,65281,,
NIRAJISPAT,4824065,,
NITCO,3404801,,
NITINSPIN,3372801,,
NITIRAJ,831233,,
NIVABUPA,6936833,,
NKIND,624385,,
NLCINDIA,2197761,,
NMDC,3924993,,
NOCIL,625153,,
NOIDATOLL,2761217,,
NORBTEAEXP,1064961,,
NORTHARC,6509057,,
NOVAAGRI,5754113,,
NPST,193618945,,
NRAIL,5200385,,
NRBBEARING,1933569,,
NRL,3500801,,
NSIL,2877185,,
NSLNISP,3630081,,
NTPC,2977281,,
NTPCGREEN,6957057,,
NUCLEUS,2762497,,
NURECA,601601,,
NUVAMA,4792577,,
NUVOCO,1389057,,
NYKAA,1675521,,
OAL,2756609,,
OBCL,2252033,,
OBEROIRLTY,5181953,,
OCCLLTD,6635009,,
ODIGMA,7058177,,
OFSS,2748929,,
OIL,4464129,,
OILCOUNTUB,632833,,
OLAELEC,6342913,,
OLECTRA,2723073,,
OMAXAUTO,2796033,,
OMAXE,3802369,,
OMFREIGHT,194409217,,
OMINFRAL,6203137,,
OMKARCHEM,3459841,,
OMNI,194781441,,
ONELIFECAP,6525953,,
ONEPOINT,2544385,,
ONESOURCE,7481345,,
ONGC,633601,,
ONMOBILE,3911169,,
ONWARDTEC,635137,,
OPTIEMUS,5496065,,
ORBTEXP,8057601,,
ORCHASP,7549953,,
ORCHPHARMA,237057,,
ORICONENT,2600705,,
ORIENTALTL,3672577,,
ORIENTBELL,3655169,,
ORIENTCEM,7702785,,
ORIENTCER,3356417,,
ORIENTELEC,760833,,
ORIENTHOT,638209,,
ORIENTLTD,4661249,,
ORIENTPPR,638977,,
ORIENTTECH,6390017,,
ORISSAMINE,5102337,,
ORKLAINDIA,194449665,,
ORTEL,3410177,,
ORTINGLOBE,762881,,
OSIAHYPER,3234561,,
OSWALAGRO,643585,,
OSWALGREEN,120577,,
OSWALPUMPS,193741313,,
OSWALSEEDS,3662081,,
PACEDIGITK,194391553,,
PAGEIND,3689729,,
PAISALO,6519809,,
PAKKA,4402433,,
PALASHSECU,5474049,,
PALREDTEC,4367873,,
PANACEABIO,1038081,,
PANACHE,4186881,,
PANAMAPET,6500353,,
PANSARI,1572097,,
PAR,1441537,,
PARACABLES,3571457,,
PARADEEP,2493697,,
PARAGMILK,4385281,,
PARAS,1513217,,
PARASPETRO,2297601,,
PARKHOSPS,194649857,,
PARKHOTELS,5798145,,
PARSVNATH,3530497,,
PASHUPATI,194036481,,
PASUPTAC,1547521,,
PATANJALI,4359425,,
PATELENG,2994945,,
PATELRMART,194416385,,
PATINTLOG,3896065,,
PAUSHAKLTD,194552065,,
PAVNAIND,4145153,,
PAYTM,1716481,,
PCBL,678145,,
PCJEWELLER,7455745,,
PDMJEPAPER,3936513,,
PDSL,1347585,,
PEARLPOLY,668161,,
PENIND,5278977,,
PENINLAND,577537,,
PERSISTENT,4701441,,
PETRONET,2905857,,
PFC,3660545,,
PFIZER,676609,,
PFOCUS,3454977,,
PFS,5786113,,
PGEL,6491649,,
PGHH,648961,,
PGHL,240641,,
PGIL,3650561,,
PHOENIXLTD,3725313,,
PICCADIL,193985025,,
PIDILITIND,681985,,
PIGL,4023297,,
PIIND,6191105,,
PILANIINVS,2929921,,
PILITA,7893761,,
PINELABS,194513921,,
PIONEEREMB,3446529,,
PIRAMALFIN,194445057,,
PITTIENG,3618305,,
PIXTRANS,2326273,,
PKTEA,2642177,,
PLASTIBLEN,3563521,,
PLATIND,5870081,,
PLAZACABLE,4981249,,
PNB,2730497,,
PNBGILTS,2236417,,
PNBHOUSING,4840449,,
PNC,2391553,,
PNCINFRA,2402561,,
PNGJL,6479873,,
PNGSREVA,194621953,,
POCL,3682561,,
PODDARMENT,4873217,,
POKARNA,4518657,,
POLICYBZR,1703937,,
POLYCAB,2455041,,
POLYMED,6583809,,
POLYPLEX,687873,,
PONNIERODE,2729217,,
POONAWALLA,2919169,,
POWERGRID,3834113,,
POWERICA,194990081,,
POWERINDIA,4724993,,
POWERMECH,2681089,,
PPAP,3893505,,
PPL,2636033,,
PPLPHARMA,2962177,,
PRABHA,7714305,,
PRAENG,3568897,,
PRAJIND,692481,,
PRAKASH,693249,,
PRAKASHSTL,5017345,,
PRAXIS,308225,,
PRECAM,3226369,,
PRECOT,1506305,,
PRECWIRE,695553,,
PREMEXPLN,4453633,,
PREMIER,1599489,,
PREMIERENE,6412545,,
PREMIERPOL,2662657,,
PRESTIGE,5197313,,
PRICOLLTD,5025537,,
PRIMESECU,3037185,,
PRIMO,193772801,,
PRINCEPIPE,4107521,,
PRITI,2125825,,
PRITIKAUTO,1354753,,
PRIVISCL,2259201,,
PROSTARM,194092289,,
PROTEAN,7544833,,
PROZONER,7387905,,
PRSMJOHNSN,701185,,
PRUDENT,2445569,,
PRUDMOULI,5254913,,
PSB,5376257,,
PSPPROJECT,5344513,,
PTC,2906881,,
PTCIL,4270593,,
PTL,3609857,,
PUNJABCHEM,1112065,,
PURVA,3820033,,
PVP,1026561,,
PVRINOX,3365633,,
PVSL,5924353,,
PWL,194489089,,
PYRAMID,4672001,,
QPOWER,7606017,,
QUADFUTURE,7446273,,
QUESS,4532225,,
QUICKHEAL,3357697,,
QUINTEGRA,2400257,,
RACE,3941377,,
RACLGEAR,6955777,,
RADAAN,2798593,,
RADHIKAJWE,2647809,,
RADIANTCMS,3476481,,
RADICO,2813441,,
RADIOCITY,5088513,,
RAILTEL,622337,,
RAIN,3926273,,
RAINBOW,2408449,,
RAJESHEXPO,194678017,,
RAJMET,555009,,
RAJOOENG,193804545,,
RAJRATAN,4854273,,
RAJRILTD,2157569,,
RAJSREESUG,719105,,
RAJTV,3687169,,
RAJVIR,1602305,,
RALLIS,720897,,
RAMANEWS,3472641,,
RAMAPHO,2705409,,
RAMASTEEL,2636801,,
RAMCOCEM,523009,,
RAMCOIND,1174273,,
RAMCOSYS,2009857,,
RAMKY,5154305,,
RAMRAT,2684161,,
RANASUG,726273,,
RANEHOLDIN,728065,,
RATEGAIN,1837313,,
RATNAMANI,3443457,,
RATNAVEER,4716289,,
RAYMOND,731905,,
RAYMONDLSL,6418689,,
RAYMONDREL,194189057,,
RBA,382465,,
RBLBANK,4708097,,
RBZJEWEL,5343745,,
RCF,733697,,
RCOM,3376129,,
RECLTD,3930881,,
REDINGTON,3649281,,
REDTAPE,4571905,,
REFEX,4547585,,
REGAAL,194222081,,
REGENCERAM,1057281,,
RELAXO,6201601,,
RELCHEMQ,2470913,,
RELIABLE,6240769,,
RELIANCE,738561,,
RELIGARE,3857409,,
RELINFRA,1226497,,
RELTD,6296577,,
REMSONSIND,1015041,,
RENUKA,3078657,,
REPCOHOME,7577089,,
REPL,378881,,
REPRO,3360257,,
RESPONIND,5202689,,
RETAIL,6181121,,
RGL,3873025,,
RHETAN,194319873,,
RHFL,194356225,,
RHIM,7977729,,
RHL,3880193,,
RICOAUTO,744705,,
RIIL,745473,,
RISHABH,4714753,,
RITCO,2289665,,
RITES,962817,,
RKDL,5363201,,
RKEC,396033,,
RKFORGE,2921217,,
RKSWAMY,5899009,,
RMC,195160833,,
RMDRIP,194005505,,
RML,3065601,,
RNBDENIMS,194299905,,
ROHLTD,3374593,,
ROLEXRINGS,1351425,,
ROLLT,4891649,,
ROML,91905,,
ROSSARI,4968961,,
ROSSELLIND,7401729,,
ROSSTECH,7002369,,
ROTO,2316545,,
ROUTE,32769,,
RPEL,6332161,,
RPGLIFE,4281601,,
RPOWER,3906305,,
RPPINFRA,5314561,,
RPPL,1769729,,
RPSGVENT,2078465,,
RPTECH,5803521,,
RRKABEL,4752897,,
RSL,194928385,,
RSSOFTWARE,1645825,,
RSWM,715265,,
RSYSTEMS,3433985,,
RTNINDIA,6988033,,
RTNPOWER,4485121,,
RUBFILA,6330881,,
RUBICON,194384897,,
RUBYMILLS,752385,,
RUCHINFRA,1168897,,
RUCHIRA,3538177,,
RUDRA,194660353,,
RUPA,6585345,,
RUSHIL,6296321,,
RUSTOMJEE,3128065,,
RVHL,400641,,
RVNL,2445313,,
RVTH,6440193,,
S&SPOWER,2235649,,
SAATVIKGL,194318593,,
SADBHAV,3389441,,
SADBHIN,2718209,,
SADHNANIQ,3927809,,
SAFARI,3336961,,
SAGARDEEP,2092801,,
SAGCEM,3601409,,
SAGILITY,6925313,,
SAHLIBHFI,194992129,,
SAHYADRI,3814401,,
SAIL,758529,,
SAILIFE,7126785,,
SAIPARENT,194988801,,
SAKAR,2441985,,
SAKHTISUG,760065,,
SAKSOFT,3019265,,
SAKUMA,3392257,,
SALASAR,5468673,,
SALONA,4441857,,
SALSTEEL,2978305,,
SALZERELEC,2918145,,
SAMBHAAV,1056513,,
SAMBHV,193988353,,
SAMHI,4765185,,
SAMMAANCAP,7712001,,
SAMPANN,6989569,,
SANATHAN,7374081,,
SANCO,3745281,,
SANDESH,764929,,
SANDHAR,613633,,
SANDUMA,4699905,,
SANGAMIND,1071105,,
SANGHVIMOV,3598849,,
SANGINITA,2824449,,
SANOFI,369153,,
SANOFICONR,6456833,,
SANSERA,1472257,,
SANSTAR,6292993,,
SANWARIA,11777,,
SAPPHIRE,1719809,,
SARDAEN,4546049,,
SAREGAMA,1252353,,
SARLAPOLY,3595009,,
SARVESHWAR,3305729,,
SASKEN,3067649,,
SASTASUNDR,5136129,,
SATIA,2827521,,
SATIN,2675969,,
SAURASHCEM,772609,,
SBC,1738753,,
SBCL,1191937,,
SBFC,4614657,,
SBGLP,3619585,,
SBICARD,4600577,,
SBILIFE,5582849,,
SBIN,779521,,
SCHAEFFLER,258817,,
SCHAND,5298689,,
SCHNEIDER,7996929,,
SCI,780289,,
SCILAL,5920513,,
SCODATUBES,193914369,,
SCPL,3092737,,
SDBL,342529,,
SEAMECLTD,669697,,
SECMARK,4990977,,
SECURKLOUD,2830849,,
SEDEMAC,194855169,,
SEJALLTD,1815297,,
SELMC,1603073,,
SEMAC,3062017,,
SENCO,4421377,,
SENORES,7395329,,
SEPC,3918849,,
SERVOTECH,1409793,,
SESHAPAPER,784897,,
SETCO,4484609,,
SETL,7443201,,
SETUINFRA,4614145,,
SEYAIND,2774017,,
SFL,4911105,,
SGFIN,194266369,,
SGIL,1309185,,
SGL,3421953,,
SGMART,194275585,,
SHADOWFAX,194936065,,
SHAH,5195777,,
SHAHALLOYS,3035137,,
SHAILY,2234113,,
SHAKTIPUMP,6546945,,
SHALBY,182785,,
SHALPAINTS,3927553,,
SHANKARA,5206273,,
SHANTI,1446401,,
SHANTIGEAR,787969,,
SHANTIGOLD,194048513,,
SHARDACROP,1277953,,
SHARDAMOTR,2695681,,
SHAREINDIA,26625,,
SHEKHAWATI,5400321,,
SHEMAROO,1297409,,
SHILCTECH,194520833,,
SHILPAMED,4544513,,
SHIVALIK,1796097,,
SHIVAMAUTO,3521537,,
SHIVAMILLS,383233,,
SHIVATEX,205825,,
SHIVAUM,194495745,,
SHK,2870273,,
SHOPERSTOP,3024129,,
SHRADHA,181249,,
SHREDIGCEM,793345,,
SHREECEM,794369,,
SHREEJISPG,194418689,,
SHREEPUSHK,2710529,,
SHREERAMA,1952513,,
SHRENIK,194624513,,
SHREYANIND,800257,,
SHRINGARMS,194327809,,
SHRIPISTON,4399617,,
SHRIRAMFIN,1102337,,
SHRIRAMPPS,1843201,,
SHYAMCENT,2608129,,
SHYAMMETL,1201409,,
SHYAMTEL,3517441,,
SICALLOG,4976641,,
SIEMENS,806401,,
SIGACHI,1705729,,
SIGIND,1157633,,
SIGMA,4264449,,
SIGMAADV,3787009,,
SIGNATURE,4798209,,
SIGNPOST,5799937,,
SIKKO,1591809,,
SIL,2892033,,
SILGO,637953,,
SILINV,1050881,,
SILLYMONKS,4888833,,
SILVERTUC,2412033,,
SIMBHALS,194262017,,
SIMPLEXINF,809473,,
SINCLAIR,6010881,,
SINDHUTRAD,4315905,,
SINGERIND,194923521,,
SINTERCOM,97537,,
SIRCA,2828801,,
SIS,5504257,,
SITINET,7477761,,
SIYSIL,3608577,,
SJS,1700609,,
SJVN,4834049,,
SKFINDIA,815617,,
SKFINDUS,194585857,,
SKIL,6171393,,
SKIPPER,2413569,,
SKMEGGPROD,1211393,,
SKYGOLD,3489537,,
SMARTLINK,2531585,,
SMARTWORKS,194039041,,
SMCGLOBAL,593921,,
SMLMAH,867073,,
SMLT,1751809,,
SMSPHARMA,3668225,,
SNOWMAN,1239809,,
SOBHA,3539457,,
SOFTTECH,2116097,,
SOLARA,940033,,
SOLARINDS,3412993,,
SOLARWORLD,194541825,,
SOLEX,194405633,,
SOMANYCERA,993281,,
SOMATEX,2330625,,
SOMICONVEY,4555265,,
SONACOMS,1199105,,
SONAMLTD,2254337,,
SONATSOFTW,1688577,,
SOTL,773377,,
SOUTHBANK,1522689,,
SOUTHWEST,2477569,,
SPAL,4672513,,
SPANDANA,2927361,,
SPARC,3785729,,
SPCENET,4959233,,
SPECIALITY,6939393,,
SPECTRUM,7796481,,
SPENCERS,2089729,,
SPIC,832513,,
SPLIL,3055361,,
SPLPETRO,2461953,,
SPMLINFRA,850177,,
SPORTKING,2747649,,
SRD,6588673,,
SREEL,8150273,,
SRF,837889,,
SRGHFL,4638465,,
SRHHYPOLTD,3732993,,
SRM,5990913,,
SRPL,7330561,,
SRTL,194608129,,
SSDL,6363137,,
SSWL,3028225,,
STALLION,7476225,,
STANLEY,6201857,,
STAR,1887745,,
STARCEMENT,5399297,,
STARHEALTH,1813249,,
STARPAPER,842497,,
STARTECK,2382081,,
STCINDIA,2802689,,
STEELCAS,1741569,,
STEELCITY,2663937,,
STEELXIND,5462785,,
STEL,5499905,,
STERTOOLS,1100545,,
STLNETWORK,194293249,,
STLTECH,2383105,,
STOVEKRAFT,539393,,
STUDDS,194454273,,
STYL,194543105,,
STYLAMIND,1327617,,
STYLEBAAZA,6429185,,
STYRENIX,4865,,
SUBEXLTD,247553,,
SUBROS,850945,,
SUDARCOLOR,183041,,
SUDARSCHEM,851713,,
SUDEEPPHRM,194569985,,
SUKHJITS,3021825,,
SULA,3383809,,
SUMEETINDS,5322241,,
SUMICHEM,4378881,,
SUMIT,2851841,,
SUMMITSEC,5446401,,
SUNCLAY,5364737,,
SUNDARAM,4846337,,
SUNDARMFIN,854785,,
SUNDRMBRAK,1069825,,
SUNDRMFAST,856321,,
SUNDROP,425729,,
SUNFLAG,857089,,
SUNPHARMA,857857,,
SUNTECK,4516097,,
SUNTV,3431425,,
SUPERHOUSE,5277697,,
SUPERSPIN,859393,,
SUPRAJIT,2992385,,
SUPREME,7536385,,
SUPREMEENG,194303233,,
SUPREMEIND,860929,,
SUPREMEINF,3435265,,
SUPRIYA,1891841,,
SURAJEST,5330433,,
SURAJLTD,6391297,,
SURAKSHA,6997505,,
SURANASOL,5395713,,
SURANAT&P,2739201,,
SURYALAXMI,3034113,,
SURYAROSNI,864001,,
SURYODAY,760321,,
SUTLEJTEX,3533057,,
SUVEN,2875649,,
SUVIDHAA,767489,,
SUYOG,6361857,,
SUZLON,3076609,,
SVLL,3870977,,
SVPGLOB,1285121,,
SWANCORP,6936321,,
SWANDEF,7465985,,
SWARAJENG,866305,,
SWELECTES,3048705,,
SWIGGY,6928897,,
SWSOLAR,3197185,,
SYMPHONY,6192641,,
SYNCOMF,3069953,,
SYNGENE,2622209,,
SYRMA,2763009,,
SYSTMTXC,194394881,,
TAINWALCHM,869377,,
TAJGVK,2394625,,
TAKE,3819521,,
TALBROAUTO,3493889,,
TANLA,3577857,,
TARACHAND,6019073,,
TARAPUR,4819713,,
TARC,404737,,
TARIL,3884545,,
TARMAT,3782401,,
TARSONS,1777409,,
TASTYBITE,5143553,,
TATACAP,194371841,,
TATACHEM,871681,,
TATACOMM,952577,,
TATACONSUM,878593,,
TATAELXSI,873217,,
TATAINVEST,414977,,
TATAPOWER,877057,,
TATASTEEL,895745,,
TATATECH,5195009,,
TATVA,1321473,,
TBOTEK,6077441,,
TBZ,6921473,,
TCC,195024385,,
TCI,2708481,,
TCIEXP,4921089,,
TCIFINANCE,1221377,,
TCPLPACK,47105,,
TCS,2953217,,
TDPOWERSYS,6445569,,
TEAMGTY,2743553,,
TEAMLEASE,3255297,,
TECHM,3465729,,
TECHNOE,1649921,,
TECILCHEM,883969,,
TEGA,1818881,,
TEJASNET,5409537,,
TEMBO,838401,,
TENNIND,194529281,,
TERASOFT,4938753,,
TEXINFRA,2956545,,
TEXMOPIPES,4662785,,
TEXRAIL,5587969,,
TFCILTD,887297,,
TFL,3665665,,
TGBHOTELS,3739393,,
THANGAMAYL,4638209,,
THEINVEST,5485313,,
THEJO,4935425,,
THELEELA,193795585,,
THEMISMED,3708161,,
THERMAX,889601,,
THOMASCOOK,891137,,
THOMASCOTT,7940353,,
THYROCARE,4360193,,
TI,4914177,,
TICL,4992257,,
TIGERLOGS,194349057,,
TIIL,3641089,,
TIINDIA,79873,,
TIJARIA,6524417,,
TIL,891905,,
TIMETECHNO,3764993,,
TIMKEN,3634689,,
TINNARUBR,193541121,,
TIPSFILMS,2911745,,
TIPSMUSIC,2333953,,
TIRUMALCHM,894977,,
TIRUPATIFL,5704705,,
TITAGARH,3945985,,
TITAN,897537,,
TMB,2801921,,
TMCV,194504193,,
TMPV,884737,,
TNPETRO,898305,,
TNPL,1018881,,
TNTELE,899073,,
TOKYOPLAST,982273,,
TOLINS,6467073,,
TORNTPHARM,900609,,
TORNTPOWER,3529217,,
TOTAL,5740289,,
TOUCHWOOD,4328449,,
TPHQ,4350977,,
TPLPLASTEH,2360065,,
TRACXN,2964993,,
TRANSRAILL,7350785,,
TRANSWORLD,801025,,
TRAVELFOOD,193931521,,
TREEHOUSE,6422017,,
TREJHARA,1924609,,
TREL,4555521,,
TRENT,502785,,
TRF,4604673,,
TRIDENT,2479361,,
TRIGYN,1389569,,
TRITURBINE,6549505,,
TRIVENI,3348737,,
TRU,2400769,,
TRUALT,194357761,,
TSFINV,558849,,
TTKHLTCARE,2910465,,
TTKPRESTIG,907777,,
TTL,3665409,,
TTML,2292225,,
TVSELECT,2883841,,
TVSHLTD,7426049,,
TVSMOTOR,2170625,,
TVSSCS,4647169,,
TVSSRICHAK,3646721,,
TVTODAY,2886401,,
TVVISION,4737025,,
UBL,4278529,,
UCAL,913921,,
UCOBANK,2873089,,
UDS,4892929,,
UEL,6017793,,
UFBL,800513,,
UFLEX,269569,,
UFO,2313985,,
UGARSUGAR,5011969,,
UGROCAP,1360129,,
UJJIVANSFB,3898369,,
ULTRACEMCO,2952193,,
UMAEXPORTS,2263553,,
UMESLTD,4901121,,
UMIYA-MRO,2303489,,
UNICHEMLAB,916225,,
UNIDT,51457,,
UNIECOM,6351105,,
UNIENTER,2891009,,
UNIINFO,1994497,,
UNIMECH,7413761,,
UNIONBANK,2752769,,
UNIPARTS,3342593,,
UNITDSPR,2674433,,
UNITECH,920065,,
UNITEDPOLY,1935361,,
UNITEDTEA,4607745,,
UNIVAFOODS,2653697,,
UNIVASTU,4858113,,
UNIVCABLES,923393,,
UNIVPHOTO,4521217,,
UNOMINDA,3623425,,
UPL,2889473,,
URAVIDEF,4370177,,
URBANCO,194325505,,
URJA,5171969,,
USHAMART,2263041,,
USK,3807233,,
UTIAMC,134913,,
UTKARSHBNK,4443649,,
UTLSOLAR,194528257,,
UTTAMSUGAR,3424257,,
UYFINCORP,6560257,,
V2RETAIL,3780097,,
VADILALIND,6194177,,
VAIBHAVGBL,2909185,,
VAISHALI,4246785,,
VAKRANGEE,3415553,,
VALIANTLAB,4919809,,
VALIANTORG,84481,,
VARDHACRLC,2872321,,
VARDMNPOLY,1764609,,
VARROC,987393,,
VASCONEQ,4636161,,
VASWANI,6487041,,
VBL,4843777,,
VCL,2309121,,
VEDL,784129,,
VEEDOL,3588865,,
VENKEYS,961793,,
VENTIVE,7384833,,
VENUSPIPES,2455553,,
VENUSREM,3547905,,
VERANDA,2275841,,
VERTOZ,4828929,,
VESUVIUS,941057,,
VETO,2214913,,
VGL,3525377,,
VGUARD,3932673,,
VHL,3044353,,
VHLTD,5986817,,
VIDHIING,3465217,,
VIDYAWIRES,194617345,,
VIJAYA,1429761,,
VIJIFIN,4529921,,
VIKASECO,6593537,,
VIKASLIFE,2542337,,
VIKRAMSOLR,194419969,,
VIKRAN,194297089,,
VIMTALABS,3353857,,
VINATIORGA,4445185,,
VINCOFE,6613761,,
VINDHYATEL,945665,,
VINEETLAB,974593,,
VINNY,3197441,,
VINYLINDIA,4306177,,
VIPCLOTHNG,3799809,,
VIPIND,947969,,
VIPULLTD,2159873,,
VIRINCHI,3915521,,
VISAKAIND,1080577,,
VISASTEEL,3403521,,
VISHNU,1768449,,
VISHWARAJ,3507713,,
VITAL,194853889,,
VIVIDHA,7648513,,
VIVIMEDLAB,3063041,,
VIYASH,3659777,,
VLEGOV,4611073,,
VLSFINANCE,951041,,
VMART,7496705,,
VMM,7160065,,
VMSTMT,194342913,,
VOLTAMP,3475713,,
VOLTAS,951809,,
VPRPL,4695297,,
VRAJ,6226177,,
VRLLOG,2226177,,
VSSL,6929153,,
VSTIND,953345,,
VSTL,5818881,,
VSTTILLERS,6218753,,
VTL,530689,,
WAAREEENER,6632193,,
WAAREEINDO,5108481,,
WAAREERTL,193545729,,
WABAG,5168129,,
WAKEFIT,194626305,,
WALCHANNAG,956417,,
WANBURY,3601153,,
WCIL,6503169,,
WEALTH,492289,,
WEBELSOLAR,3738113,,
WEIZMANIND,959489,,
WEL,2005761,,
WELCORP,3026177,,
WELENT,2976257,,
WELINV,5068801,,
WELSPUNLIV,2880769,,
WENDT,1084161,,
WESTLIFE,2964481,,
WEWIN,2524673,,
WEWORK,194415105,,
WHEELS,964097,,
WHIRLPOOL,4610817,,
WILLAMAGOR,965633,,
WINDLAS,1373697,,
WINDMACHIN,6392065,,
WINSOME,3777793,,
WIPL,5243137,,
WIPRO,969473,,
WOCKPHARMA,1921537,,
WONDERLA,768513,,
WORTHPERI,5702913,,
WSI,3795969,,
WSTCSTPAPR,972545,,
XCHANGING,2996481,,
XELPMOC,2170113,,
XPROINDIA,2920193,,
XTGLOBAL,6460161,,
YASHO,4641537,,
YATHARTH,4540929,,
YATRA,4802561,,
YESBANK,3050241,,
YUKEN,1408257,,
ZAGGLE,4763649,,
ZEEL,975873,,
ZEELEARN,5338113,,
ZEEMEDIA,3585537,,
ZENITHEXPO,1069057,,
ZENITHSTL,3727873,,
ZENSARTECH,275457,,
ZENTEC,1922049,,
ZFCVINDIA,4330241,,
ZIMLAB,3170305,,
ZODIAC,1825025,,
ZODIACLOTH,978177,,
ZOTA,2916865,,
ZUARI,7436801,,
ZUARIIND,979713,,
ZYDUSLIFE,2029825,,
ZYDUSWELL,4514561,,
